code,sample_id,block,sn,tissue,date,
160-1,GBB1607,B3,8,mcx,4/28/2026,
160-2,GWF1833,10B,3,sc,4/28/2026,
161-1,GWF1831,,,mcx,5/4/2026,
161-2,GBB1913,,,sc,5/4/2026,
161-3,GBB2127,,,mcx,5/4/2026,
161-4,GWF1937,,,sc,5/4/2026,
161-5,GBB2316,,,mcx,5/4/2026,
161-6,GWF1947,,,sc,5/4/2026,
161-7,GWF2050,,,mcx,5/4/2026,
161-8,GBB1813,,,sc,5/4/2026,
162-1,GBB1817,,,mcx,5/11/2026,
162-2,GBB2314,,,sc,5/11/2026,
162-3,GBB2312,,,mcx,5/11/2026,
162-4,GWF2156,,,sc,5/11/2026,
162-5,GBB2210,,,mcx,5/11/2026,
162-6,GBB1708,,,sc,5/11/2026,"badly folded, need to redo"
162-7,GWF2054,,,mcx,5/11/2026,
162-8,GBB2311,,,sc,5/11/2026,"broken, need to redo"
166-1,GWF2158,,,mcx,6/22/2026,
166-2,GWF2054,,,sc,6/22/2026,
166-3,GBB1708,,,mcx,6/22/2026,
166-4,GWF2050,,,sc,6/22/2026,
166-5,GBB2201,,,mcx,6/22/2026,
166-6,GBB2312,,,sc,6/22/2026,
166-7,GBB2311,,,mcx,6/22/2026,
166-8,GBB2210,,,sc,6/22/2026,
168-1,GWF1937,4B,3,mcx,7/27/2026,
168-2,GBB2311,A4,3,sc,7/27/2026,
168-3,GBB2112,A6,5,mcx,7/27/2026,
168-4,GBB1607,B14,7,sc,7/27/2026,
168-5,GBB2314,A3,3,mcx,7/27/2026,
168-6,GWF2158,10B,3,sc,7/27/2026,
168-7,GBB1819,A1,3,mcx,7/27/2026,
168-8,GWF1831,10B,6,sc,7/27/2026,
169-1,GWF2156,,,mcx,8/3/2026,
169-2,GBB2201,,6,sc,8/3/2026,
169-3,GBB2213,,6,mcx,8/3/2026,
169-4,GBB2316,,4,sc,8/3/2026,
169-5,GBB1913,,5,mcx,8/3/2026,
169-6,GBB1817,,8,sc,8/3/2026,
169-7,GBB2108,,7,mcx,8/3/2026,
169-8,GBB1807,,5,sc,8/3/2026,
169-9,GWF1833,,,mcx,8/3/2026,
169-10,GBB2112,,7,sc,8/3/2026,
170-1,GWF1947,,,mcx,8/11/2026,
170-2,GBB1708,,,sc,8/11/2026,
170-3,GBB1813,,,mcx,8/11/2026,
170-4,GBB2213,,,sc,8/11/2026,
170-5,GBB2127,,,sc,8/11/2026,
